event_id,headline,url,source,published,v1_place_name,v1_lat,v1_lon,valid_wildlife_article,event_type,event_subtype,species_common,species_scientific,species_iucn,animal_count,correct_place_name,correct_lat,correct_lon,location_precision,location_correct,location_error_type,human_casualties,human_injuries,animal_casualties,severity,cluster_id,notes_for_nikunj
GS001,"Zoological Survey to soon seek nod to translocate Great Nicobar corals",https://indianexpress.com/article/india/zsi-seek-nod-coral-translocation-great-nicobar-project-10741887/,Indian Express,2026-06-16,Great Nicobar,7.0,93.8333,YES,policy,habitat_management,Coral,,LC,,Great Nicobar Island,7.0,93.8333,point,YES,,0,0,0,medium,NICOBAR-CORAL,"Is coral conservation in scope for WildLens v2? Marine ecosystems may need explicit inclusion."
GS002,"Elephant runs amok at Kottiyoor temple in Kerala; no casualties reported",https://www.thehindu.com/news/national/kerala/elephant-runs-amok-at-kottiyoor-temple-in-kerala-no-casualties-reported/article71108281.ece,The Hindu,2026-06-16,Kerala,10.8505,76.2711,YES,hwc,elephant_run_amok,Asian Elephant,Elephas maximus,EN,1,Kottiyoor Kannur Kerala,11.95,75.55,district,NO,too_broad,0,0,0,medium,,"v1 extracted state centroid (Kerala) instead of Kottiyoor in Kannur district. Headline explicitly names Kottiyoor."
GS003,"Mining project overlaps wildlife corridor ignites debate",https://india.mongabay.com/short-article/2026/06/mining-project-overlaps-wildlife-corridor-ignites-debate/,Mongabay India,2026-06-15,Maharashtra,19.7515,75.7139,YES,habitat_threat,mining_encroachment,,,,0,Maharashtra,19.7515,75.7139,state,YES,,"0,0,0,high,","VALIDATE: Which corridor/mining project is this? v1 state-level is acceptable if no specific location in article."
GS004,"New butterfly species discovered in Arunachal Pradesh's Mayodia Pass",https://assamtribune.com/north-east/new-butterfly-species-discovered-in-arunachal-pradeshs-mayodia-pass-1612742,Assam Tribune,2026-06-15,Arunachal Pradesh,28.218,94.7278,YES,discovery,new_species,Butterfly (new species),,,1,Mayodia Pass Arunachal Pradesh,28.08,95.88,point,NO,too_broad,0,0,0,low,,"v1 extracted state centroid. Headline names Mayodia Pass specifically — a well-known high altitude pass in Dibang Valley."
GS005,"Assam: New Digboi Forest Division office building remains incomplete after two years",https://nenow.in/north-east-news/assam/assam-new-digboi-forest-division-office-building-remains-incomplete-after-two-years.html,Northeast Now,2026-06-15,Assam,26.2006,92.9376,BORDERLINE,policy,administration,,,,,Digboi Assam,27.38,95.62,district,NO,too_broad,0,0,0,low,,"VALIDATE: Is this relevant? It's forest department infrastructure news. v1 got Assam centroid; Digboi is the correct location."
GS006,"Rajasthan to deploy AI surveillance system in tiger reserves to curb poaching and monitor wildlife",https://news.google.com/rss/articles/CBMimAFBVV95...,The Pioneer,2026-06-15,Rajasthan,27.0238,74.2179,YES,conservation_action,surveillance_technology,Tiger,Panthera tigris,EN,,Rajasthan,27.0238,74.2179,state,YES,,0,0,0,low,,"State level is appropriate — policy covers multiple tiger reserves across Rajasthan."
GS007,"Five wild boars culled in Kannur",https://www.thehindu.com/news/national/kerala/five-wild-boars-culled-in-kannur/article71105547.ece,The Hindu,2026-06-15,Kannur,11.8745,75.3704,YES,hwc,culling,Wild Boar,Sus scrofa,LC,5,Kannur Kerala,11.8745,75.3704,district,YES,,0,0,5,low,,"Location correct. VALIDATE: Is Sus scrofa culling a priority event type for WildLens v2? Wild boar is LC."
GS008,"In Chhattisgarh's Hasdeo-Arand Rajasthan govt coal block granted in-principle forest clearance",https://indianexpress.com/article/india/rajasthan-in-principle-clearance-for-coal-block-in-hasdeo-arand-10738393/,Indian Express,2026-06-14,Chhattisgarh,21.2787,81.8661,YES,habitat_threat,mining_forest_clearance,,,,,Hasdeo-Arand Forest Chhattisgarh,22.5,82.7,district,NO,too_broad,0,0,0,high,,"v1 extracted state centroid. Hasdeo-Arand is a named elephant-rich forest and should be in the PA gazetteer. High severity — significant coal mining in an elephant corridor."
GS009,"Nagaon family's civet cub tale makes it to CBSE class 10 textbook",https://assamtribune.com/assam/nagaon-familys-civet-cub-tale-makes-it-to-cbse-class-10-textbook-1612722,Assam Tribune,2026-06-14,Nagaon,26.35,92.68,BORDERLINE,other,education,Small Indian Civet,,LC,,Nagaon Assam,26.35,92.68,district,YES,,0,0,0,low,,"VALIDATE: Include? It is conservation awareness/education but not a direct wildlife event. Human interest story."
GS010,"Nalbari man sets up Dolphin park to raise awareness on endangered river species",https://assamtribune.com/assam/nalbari-man-sets-up-dolphin-park-to-raise-awareness-on-endangered-river-species-1612721,Assam Tribune,2026-06-14,Nalbari,26.4457,91.4402,YES,conservation_action,ex_situ_awareness,Ganges River Dolphin,Platanista gangetica,EN,,Nalbari Assam,26.4457,91.4402,district,YES,,0,0,0,low,,"Location correct."
GS011,"Assam recorded 82 elephant deaths in train accidents highest in India",https://assamtribune.com/assam/assam-recorded-82-elephant-deaths-in-train-accidents-highest-in-india-1612717,Assam Tribune,2026-06-14,Assam,26.2006,92.9376,YES,mortality,train_collision,Asian Elephant,Elephas maximus,EN,82,Assam,26.2006,92.9376,state,YES,,0,0,82,critical,,"State level is correct — this is statewide aggregated data, not a single incident. 82 deaths is critical. VALIDATE: Is this one event or a data report covering many events? For v2 this should probably be stored as a research/data event type."
GS012,"J&K's Rajouri records over 100 forest fire incidents 850 hectares impacted",https://www.hindustantimes.com/india-news/jammu-kashmirs-rajouri-records-over-100-forest-fire-incidents-850-hectares-impacted-101781416603918.html,Hindustan Times,2026-06-14,Rajouri,33.3793,74.3105,YES,habitat_threat,forest_fire,,,,,Rajouri J&K,33.3793,74.3105,district,YES,,0,0,0,high,RAJOURI-FIRE,"Part of Rajouri fire cluster. This is a summary article — probably the best canonical source for the event."
GS013,"Safety audit: Boat services to Papikonda Hills halted for a week",https://www.thehindu.com/news/national/andhra-pradesh/safety-audit-boat-services-to-papikonda-hills-halted-for-a-week/article71101540.ece,The Hindu,2026-06-14,Papikonda,17.4,81.6,BORDERLINE,conservation_action,tourism_management,,,,,Papikonda National Park,17.4,81.6,point,YES,,0,0,0,low,,"VALIDATE: Include? It's tourism management near a wildlife area. Not a direct wildlife event."
GS014,"Odisha village to get crocodile warning system under 'Smart Village' plan",https://www.thehindu.com/news/national/odisha/odisha-village-to-get-crocodile-warning-system-under-smart-village-plan/article71101384.ece,The Hindu,2026-06-14,Odisha,20.9517,85.0985,YES,conservation_action,hwc_mitigation,Mugger Crocodile,Crocodylus palustris,VU,,Odisha,20.9517,85.0985,state,NO,too_broad,"0,0,0,low,","VALIDATE: Which village/district? Article says 'Odisha village' without naming it. State centroid is acceptable fallback."
GS015,"Forest range officer among 3 nabbed in Budgam bribery case: CBI",https://www.greaterkashmir.com/kashmir/forest-range-officer-among-3-nabbed-in-budgam-bribery-case-cbi-12037311,Greater Kashmir,2026-06-14,Budgam,34.0366,74.7173,BORDERLINE,policy,corruption_prosecution,,,,,Budgam J&K,34.0366,74.7173,district,YES,,0,0,0,low,,"VALIDATE: Include? Forest governance/corruption case. No direct wildlife impact described in headline."
GS016,"Assam: Wildlife SOS disengaged after Doomdooma elephant calf death",https://nenow.in/environment/assam-wildlife-sos-disengaged-after-doomdooma-elephant-calf-death.html,Northeast Now,2026-06-14,Assam,26.2006,92.9376,YES,mortality,calf_death,Asian Elephant,Elephas maximus,EN,1,Doomdooma Assam,27.45,95.35,district,NO,too_broad,0,0,1,high,,"v1 extracted Assam state centroid. Headline explicitly names Doomdooma (town in Tinsukia district near Dehing Patkai)."
GS017,"New 'western trickle frog' discovered from the Garo and Khasi hills in Meghalaya",https://researchmatters.in/news/new-western-trickle-frog-discovered-garo-and-khasi-hills-meghalaya,Research Matters,2026-06-13,Meghalaya,25.467,91.3662,YES,discovery,new_species,Western Trickle Frog (new species),,,1,Garo-Khasi Hills Meghalaya,25.5,91.0,district,NO,too_broad,0,0,0,low,,"v1 extracted state centroid. Garo Hills and Khasi Hills are specific geographic regions within Meghalaya."
GS018,"Andhra Pradesh Biodiversity Board plans Statewide rollout of OECMs",https://www.thehindu.com/news/national/andhra-pradesh/andhra-pradesh-biodiversity-board-plans-statewide-rollout-of-oecms/article71096930.ece,The Hindu,2026-06-13,Andhra Pradesh,15.9129,79.74,YES,policy,conservation_policy,,,,,Andhra Pradesh,15.9129,79.74,state,YES,,0,0,0,medium,,"VALIDATE: OECMs = Other Effective Area-Based Conservation Measures. State level is correct for a statewide rollout."
GS019,"From zero to 26 estimation shows signs of Nilgiri Tahrs' revival in Coimbatore forest division",https://www.thehindu.com/news/national/tamil-nadu/from-zero-to-26-estimation-shows-signs-of-nilgiri-tahrs-revival-in-coimbatore-forest-division/article71093605.ece,The Hindu,2026-06-13,Coimbatore,11.0168,76.9558,YES,research,population_survey,Nilgiri Tahr,Nilgiritragus hylocrius,EN,26,Coimbatore Forest Division Tamil Nadu,11.0168,76.9558,district,YES,,0,0,0,low,,"Location correct — Coimbatore forest division is appropriate. count=26. This is positive news."
GS020,"Uttarakhand Nagaland Tripura to pilot community-led forest management project",https://nenow.in/environment/uttarakhand-nagaland-tripura-to-pilot-community-led-forest-management-project.html,Northeast Now,2026-06-13,Uttarakhand,30.0668,79.0193,YES,policy,community_forestry,,,,,Multi-state (Uttarakhand Nagaland Tripura),25.0,82.0,region,NO,wrong_location,0,0,0,low,,"v1 pinned to Uttarakhand only but article covers 3 states. No single correct point — this is a multi-state policy announcement."
GS021,"Forest fire sweeps through Bathuni forest",https://www.greaterkashmir.com/pir-panjal/forest-fire-sweeps-through-bathuni-forest-12032723,Greater Kashmir,2026-06-13,Rajouri,33.3793,74.3105,YES,habitat_threat,forest_fire,,,,,Rajouri J&K,33.3793,74.3105,district,YES,,0,0,0,high,RAJOURI-FIRE,"Duplicate event — part of Rajouri fire cluster. Should be merged with GS012 in v2."
GS022,"Telangana's EAGLE Force busts interstate marijuana racket five held with ganja worth 1 crore",https://www.thehindu.com/news/national/telangana/telanganas-eagle-force-busts-interstate-marijuana-racket-five-held-with-ganja-worth-1-crore/article71097612.ece,The Hindu,2026-06-13,Telangana,18.1124,79.0193,NO,other,,,,,,,,,,,,,0,0,0,,,,"FALSE POSITIVE: EAGLE Force is Enforcement Agency for Ganja Law Evasion — not a wildlife acronym. No wildlife content. Should be filtered by relevance classifier."
GS023,"New blue-spotted damselfly discovered in the Andaman Islands",https://researchmatters.in/news/new-blue-spotted-damselfly-discovered-andaman-islands,Research Matters,2026-06-12,Andaman,11.7401,92.6586,YES,discovery,new_species,Blue-spotted Damselfly (new species),,,1,Andaman Islands,11.7401,92.6586,point,YES,,0,0,0,low,,"Location correct."
GS024,"Tiger Takes Over Madhya Pradesh's Raisen Fort Hill Tourist Entry Shut",https://www.ndtv.com/india-news/tiger-takes-over-madhya-pradeshs-raisen-fort-hill-tourist-entry-shut-11627568,NDTV,2026-06-12,Madhya Pradesh,22.9734,78.6569,YES,hwc,straying,Tiger,Panthera tigris,EN,1,Raisen Madhya Pradesh,23.03,77.78,district,NO,too_broad,0,0,0,medium,,"v1 extracted state centroid. Headline explicitly names Raisen."
GS025,"4 sites on Nicobar west coast identified for coral translocation says Zoological Survey of India",https://indianexpress.com/article/india/great-nicobar-coral-translocation-galathea-bay-port-project-zsi-10735874/,Indian Express,2026-06-12,Nicobar,8.0883,93.545,YES,policy,habitat_management,Coral,,LC,,Great Nicobar Island,7.0,93.8333,point,YES,,0,0,0,medium,NICOBAR-CORAL,"Part of Nicobar coral cluster with GS001. Duplicate event."
GS026,"Elephant dies after roaming villages in Thalavadi hills for four days",https://www.thehindu.com/news/cities/Coimbatore/elephant-dies-after-roaming-villages-in-thalavadi-hills-for-four-days/article71092866.ece,The Hindu,2026-06-12,Sathyamangalam Tiger Reserve,11.5,77.2333,YES,mortality,starvation_or_illness,Asian Elephant,Elephas maximus,EN,1,Sathyamangalam Tiger Reserve,11.5,77.2333,point,YES,,0,0,1,high,,"Gazetteer match — v1 correctly pinned to Sathyamangalam TR. VALIDATE: Was this elephant from the reserve? Thalavadi hills are within STR buffer."
GS027,"65-year-old farmer rescued after getting lost in Belagavi forest",https://www.thehindu.com/news/national/karnataka/65-year-old-farmer-rescued-after-getting-lost-in-belagavi-forest/article71092867.ece,The Hindu,2026-06-12,Belagavi,15.8497,74.4977,NO,other,,,,,,,,,,,,,0,0,0,,,,"FALSE POSITIVE: Human rescue in forest — no wildlife content."
GS028,"Shigellosis cases rise to 16 in Kerala's Wayanad Health department steps up surveillance",https://www.thehindu.com/news/national/kerala/seven-more-shigella-cases-confirmed-in-keralas-wayanad/article71092677.ece,The Hindu,2026-06-12,Kerala,10.8505,76.2711,NO,other,,,,,,,,,,,,,0,0,0,,,,"FALSE POSITIVE: Human disease outbreak. Shigellosis is bacterial infection — not wildlife news. Passed filter because keyword 'Wayanad' (wildlife area) triggered inclusion."
GS029,"Jammu student bags The Himalayan Avian's first Star medal",https://www.greaterkashmir.com/jammu/jammu-student-bags-the-himalayan-avians-first-star-medal-12029389,Greater Kashmir,2026-06-12,Jammu,32.7266,74.857,NO,other,,,,,,,,,,,,,0,0,0,,,,"FALSE POSITIVE: Human achievement story. 'Himalayan Avian' is a birding club name."
GS030,"Dassal city forest damaged in flames",https://www.greaterkashmir.com/pir-panjal/dassal-city-forest-damaged-in-flames-12029052,Greater Kashmir,2026-06-12,Rajouri,33.3793,74.3105,YES,habitat_threat,forest_fire,,,,,Rajouri J&K,33.3793,74.3105,district,YES,,0,0,0,high,RAJOURI-FIRE,"Duplicate event — part of Rajouri fire cluster."
GS031,"Forest fire continues on LoC ridges locals save houses from flames",https://www.greaterkashmir.com/pir-panjal/forest-fire-continues-on-loc-ridges-locals-save-houses-from-flames-12029051,Greater Kashmir,2026-06-12,Rajouri,33.3793,74.3105,YES,habitat_threat,forest_fire,,,,,Rajouri J&K,33.3793,74.3105,district,YES,,0,0,0,high,RAJOURI-FIRE,"Duplicate event — part of Rajouri fire cluster."
GS032,"Loss of wildlife feared many animals rescued in Rajouri",https://www.greaterkashmir.com/pir-panjal/loss-of-wildlife-feared-many-animals-rescued-in-rajouri-12029050,Greater Kashmir,2026-06-12,Rajouri,33.3793,74.3105,YES,habitat_threat,forest_fire,,,,,Rajouri J&K,33.3793,74.3105,district,YES,,0,0,,,high,RAJOURI-FIRE,"Part of Rajouri fire cluster. This article is the most ecologically relevant — explicitly mentions wildlife loss and rescue. VALIDATE: How many animals were rescued/lost?"
GS033,"Tiger safari in UP extended by 15 days amid delayed monsoon",https://www.hindustantimes.com/india-news/tiger-safari-in-up-extended-by-15-days-amid-delayed-monsoon-101781205456748.html,Hindustan Times,2026-06-12,Uttar Pradesh,26.8467,80.9462,BORDERLINE,policy,tourism_management,Tiger,Panthera tigris,EN,,Uttar Pradesh,26.8467,80.9462,state,YES,,0,0,0,low,,"VALIDATE: Tourism management news. Borderline relevance for v2."
GS034,"Bhopal Man Arrested Was Allegedly Planning Lone-Wolf Attacks",https://www.ndtv.com/india-news/bhopal-man-arrested-was-allegedly-planning-lone-wolf-attacks-11629258,NDTV,2026-06-12,Bhopal,23.2599,77.4126,NO,other,,,,,,,,,,,,,0,0,0,,,,"FALSE POSITIVE: Terror/crime article. 'lone-wolf' is a colloquial phrase for solo attacker — not actual wolf. Should be caught by relevance classifier."
GS035,"Survey records rare sighting of Arctic Tern in Kollam",https://www.thehindu.com/news/national/kerala/arctic-tern-sighted-in-kollam-for-the-first-time/article71089278.ece,The Hindu,2026-06-12,Kollam,8.8932,76.6141,YES,sighting,rare_sighting,Arctic Tern,Sterna paradisaea,LC,1,Kollam Kerala,8.8932,76.6141,district,YES,,0,0,0,low,,"Location correct. VALIDATE: Is this the first confirmed sighting of Arctic Tern in Kollam or in Kerala? Matters for severity."
GS036,"Horticulture Dept to introduce 617 new species in Cubbon and Lalbagh including endangered ones",https://www.thehindu.com/news/national/karnataka/horticulture-dept-to-introduce-617-new-species-in-cubbon-and-lalbagh-including-endangered-ones/article71085343.ece,The Hindu,2026-06-12,BR Hills,11.9667,77.1667,YES,conservation_action,ex_situ_planting,,,,,Bengaluru (Cubbon Park & Lalbagh),12.9716,77.5946,point,NO,wrong_location,0,0,0,low,,"LOCATION ERROR: v1 pinned to BR Hills — wrong entirely. Article is about Cubbon Park and Lalbagh in Bengaluru city."
GS037,"Assam: Mutilated Royal Bengal Tiger carcass found in Sonitpur",https://nenow.in/environment/assam-mutilated-royal-bengal-tiger-carcass-found-in-sonitpur.html,Northeast Now,2026-06-12,Assam,26.2006,92.9376,YES,poaching,carcass_found,Bengal Tiger,Panthera tigris tigris,EN,1,Sonitpur Assam,26.7,92.8,district,NO,too_broad,0,0,1,critical,,"v1 extracted Assam state centroid. Headline explicitly names Sonitpur (district in Assam; Nameri TR is here). Mutilated = poaching indicator."
GS038,"3 injured in two suspected elephant attacks in Kerala's Palakkad",https://www.thehindu.com/news/national/kerala/3-injured-in-two-suspected-elephant-attacks-in-keralas-palakkad/article71087626.ece,The Hindu,2026-06-11,Palakkad,10.7867,76.6548,YES,hwc,elephant_attack_injury,Asian Elephant,Elephas maximus,EN,,Palakkad Kerala,10.7867,76.6548,district,YES,,0,3,0,high,,"Location correct at district level."
GS039,"Forest fire along LoC triggers land mine explosions in Rajouri",https://www.greaterkashmir.com/pir-panjal/forest-fire-along-loc-triggers-land-mine-explosions-in-rajouri-12023793,Greater Kashmir,2026-06-11,Rajouri,33.3793,74.3105,YES,habitat_threat,forest_fire,,,,,Rajouri J&K,33.3793,74.3105,district,YES,,0,0,0,high,RAJOURI-FIRE,"Part of Rajouri fire cluster. Note: secondary landmine hazard is newsworthy but the primary event is the forest fire."
GS040,"Massive forest fires damage hundreds of Kanals of green cover in Rajouri",https://www.greaterkashmir.com/pir-panjal/massive-forest-fires-damage-hundreds-of-kanals-of-green-cover-in-rajouri-12023792,Greater Kashmir,2026-06-11,Rajouri,33.3793,74.3105,YES,habitat_threat,forest_fire,,,,,Rajouri J&K,33.3793,74.3105,district,YES,,0,0,0,high,RAJOURI-FIRE,"Part of Rajouri fire cluster."
GS041,"18 python hatchlings found on house premises in Thrissur",https://www.thehindu.com/news/national/kerala/18-python-hatchlings-found-on-house-premises-in-thrissur/article71089624.ece,The Hindu,2026-06-11,Thrissur,10.5276,76.2144,YES,hwc,wildlife_in_human_settlement,Indian Rock Python,Python molurus,VU,18,Thrissur Kerala,10.5276,76.2144,district,YES,,0,0,0,low,,"Location correct."
GS042,"Abandoned plantations in Idukki raises threat of human-wildlife conflicts",https://www.thehindu.com/news/national/kerala/abandoned-plantations-in-idukki-heighten-human-wildlife-conflict-threats/article71089500.ece,The Hindu,2026-06-11,Periyar Tiger Reserve,9.4667,77.15,YES,habitat_threat,encroachment,,,,,Periyar Tiger Reserve / Idukki,9.4667,77.15,point,YES,,0,0,0,medium,,"Gazetteer match to Periyar TR. VALIDATE: Is the article actually about Periyar or about general Idukki district? Idukki borders several PAs."
GS043,"Kerala reports suspected Nipah virus case trader whose godown had fruit bats",https://indianexpress.com/article/india/nipah-virus-suspected-kerala-godown-fruit-bats-10734281/,Indian Express,2026-06-11,Kerala,10.8505,76.2711,BORDERLINE,other,zoonosis,Fruit Bat (Indian Flying Fox),Pteropus medius,LC,,Kerala,10.8505,76.2711,state,YES,,0,0,0,medium,,"VALIDATE: Zoonosis via bats is a wildlife-human interface issue. Ecologically relevant but public health framing. Should v2 include zoonosis events?"
GS044,"On Lakshadweep's Kadmat Island corals | Green Humour by Rohan Chakravarty",https://www.thehindu.com/sci-tech/energy-and-environment/on-lakshadweeps-kadmat-island-corals-green-humour-by-rohan-chakravarty/article71076215.ece,The Hindu,2026-06-11,Lakshadweep,10.5626,72.6369,BORDERLINE,other,editorial_cartoon,Coral,,LC,,Lakshadweep / Kadmat Island,11.23,72.79,point,NO,too_broad,"0,0,0,low,","VALIDATE: This is an editorial cartoon/opinion piece. Include? Kadmat Island is more precise than state centroid Lakshadweep."
GS045,"CREDAI supports Parandur project says second airport for Chennai is necessary",https://www.thehindu.com/news/national/tamil-nadu/credai-supports-parandur-project-says-second-airport-for-chennai-is-necessary/article71082041.ece,The Hindu,2026-06-10,Chennai,13.0827,80.2707,NO,other,,,,,,,,,,,,,0,0,0,,,,"FALSE POSITIVE: Urban infrastructure (airport construction). No wildlife content."
GS046,"Crime against caracal sparks a census project for the cat",https://india.mongabay.com/2026/06/crime-against-caracal-sparks-a-census-project-for-the-cat/,Mongabay India,2026-06-10,Rajasthan,27.0238,74.2179,YES,research,population_survey,Caracal,Caracal caracal,LC,,Rajasthan,27.0238,74.2179,state,YES,,0,0,1,medium,,"VALIDATE: What crime? Article references poaching ('crime against caracal'). Could be classified as poaching + research triggered by it."
GS047,"A long-distance ocean traveller",https://india.mongabay.com/short-article/2026/06/a-long-distance-ocean-traveller/,Mongabay India,2026-06-10,Tamil Nadu,11.1271,78.6569,BORDERLINE,research,migration_tracking,,,,,,Tamil Nadu coast,11.1271,78.6569,state,NO,too_broad,0,0,0,low,,"VALIDATE: Article appears to be about a seabird or marine species tracking story. State level is a fallback; coastal location would be better."
GS048,"Wild elephant attack claims 65-year-old man in Kerala's Wayanad",https://www.thehindu.com/news/national/kerala/wild-elephant-attack-claims-65-year-old-man-in-keralas-wayanad/article71084237.ece,The Hindu,2026-06-10,Kerala,10.8505,76.2711,YES,hwc,elephant_attack_fatal,Asian Elephant,Elephas maximus,EN,1,Wayanad Kerala,11.6,76.0,district,NO,too_broad,1,0,0,critical,WAYANAD-ELEPHANT-ATTACK,"v1 extracted Kerala state centroid. Headline names Wayanad. Fatal attack = critical severity."
GS049,"Gaur that roamed 300 km across districts relocated to forest habitat",https://www.thehindu.com/news/national/tamil-nadu/gaur-that-roamed-300-km-across-districts-relocated-to-forest-habitat/article71081314.ece,The Hindu,2026-06-10,Ramanathapuram,9.3762,78.8302,YES,conservation_action,wildlife_translocation,Gaur,Bos gaurus,VU,1,Ramanathapuram Tamil Nadu,9.3762,78.8302,district,YES,,0,0,0,medium,,"VALIDATE: Was the gaur relocated TO Ramanathapuram or FROM it? The headline says 'relocated to forest habitat' — where is the destination forest?"
GS050,"Three pillars of Chennai Port-Maduravoyal Corridor to come up inside Mayor Sundara Rao Park",https://www.thehindu.com/news/cities/chennai/three-pillars-of-chennai-port-maduravoyal-corridor-to-come-up-inside-mayor-sundara-rao-park/article71082054.ece,The Hindu,2026-06-10,Chennai,13.0827,80.2707,NO,other,,,,,,,,,,,,,0,0,0,,,,"FALSE POSITIVE: Urban road corridor infrastructure. 'Corridor' here is an urban road, not a wildlife corridor. Should be caught by relevance classifier."
GS051,"Kathua fire guts two dozen hutments in J&K; forest fire sparks mine blasts in Rajouri",https://www.thehindu.com/news/national/jammu-and-kashmir/kathua-fire-guts-two-dozen-hutments-in-jk-forest-fire-sparks-mine-blasts-in-rajouri/article71084482.ece,The Hindu,2026-06-10,Rajouri,33.3793,74.3105,YES,habitat_threat,forest_fire,,,,,Rajouri J&K,33.3793,74.3105,district,YES,,0,0,0,high,RAJOURI-FIRE,"Multi-topic article (Kathua fire = human infrastructure; Rajouri = forest fire). v1 correctly chose Rajouri for the forest fire component. Part of Rajouri fire cluster."
GS052,"Centre issues draft notification declaring ESZ around Kerala's Eravikulam National Park",https://www.thehindu.com/news/national/kerala/centre-issues-draft-notification-declaring-esz-around-keralas-eravikulam-national-park/article71085734.ece,The Hindu,2026-06-10,Eravikulam National Park,10.1667,77.0667,YES,policy,esz_notification,Nilgiri Tahr,Nilgiritragus hylocrius,EN,,Eravikulam National Park,10.1667,77.0667,point,YES,,0,0,0,medium,,"Gazetteer match — v1 correct. Eravikulam NP is the primary habitat for Nilgiri Tahr."
GS053,"Special reserve force to monitor wild elephant movement in conflict hotspots in Kerala",https://www.thehindu.com/news/national/kerala/special-reserve-force-to-monitor-wild-elephant-movement-in-conflict-hotspots/article71085190.ece,The Hindu,2026-06-10,Kerala,10.8505,76.2711,YES,conservation_action,surveillance_deployment,Asian Elephant,Elephas maximus,EN,,Kerala,10.8505,76.2711,state,YES,,0,0,0,medium,,"State level correct — statewide policy deployment."
GS054,"Green forum seeks removal of Forest Minister's Additional Private Secretary",https://www.thehindu.com/news/national/kerala/green-forum-seek-removal-of-forest-ministers-additional-private-secretary/article71084785.ece,The Hindu,2026-06-10,Kerala,10.8505,76.2711,BORDERLINE,policy,governance_complaint,,,,,Kerala,10.8505,76.2711,state,YES,,0,0,0,low,,"VALIDATE: Political/governance news tangentially related to forest management. Include?"
GS055,"Conservationists oppose OIL's Dehing Patkai drilling plan warn of ecological damage",https://assamtribune.com/assam/conservationists-oppose-oils-dehing-patkai-drilling-plan-warn-of-ecological-damage-1612556,Assam Tribune,2026-06-10,Dehing Patkai,27.35,95.55,YES,habitat_threat,oil_extraction,,,,,Dehing Patkai Wildlife Sanctuary,27.35,95.55,point,YES,,0,0,0,high,,"Gazetteer match — v1 correctly identified Dehing Patkai. Important habitat threat."
GS056,"Gauhati HC orders Lutumari Reserve Forest settlers to vacate within 30 days",https://assamtribune.com/assam/gauhati-hc-orders-lutumari-reserve-forest-settlers-to-vacate-within-30-days-1612553,Assam Tribune,2026-06-10,Lutumari,26.7,93.8,YES,policy,encroachment_removal,,,,,Lutumari Reserve Forest Assam,26.7,93.8,point,YES,,0,0,0,medium,,"Acceptable — Lutumari is a named reserve forest. VALIDATE: Does v1 geocoder find this correctly or is this a manual entry?"
GS057,"Wildlife experts flag threats to Asiatic lions in Gir",https://www.hindustantimes.com/india-news/wildlife-experts-write-to-gujarat-govt-flag-threats-to-asiatic-lions-in-gir-101781099060576.html,Hindustan Times,2026-06-10,Gir,21.1239,70.798,YES,conservation_action,expert_alert,Asiatic Lion,Panthera leo persica,EN,,Gir National Park & Sanctuary,21.1239,70.798,point,YES,,0,0,0,high,,"Gazetteer match — v1 correct. VALIDATE: What specific threats do experts flag? Connects to GS058 (cub deaths)."
GS058,"SC directs Kerala govt to take custody of state's tallest elephant Raman",https://www.hindustantimes.com/india-news/sc-directs-kerala-govt-to-take-custody-of-state-s-tallest-elephant-raman-101781088277406.html,Hindustan Times,2026-06-10,Kerala,10.8505,76.2711,YES,policy,court_order,Asian Elephant,Elephas maximus,EN,1,Kerala,10.8505,76.2711,state,YES,,0,0,0,medium,,"VALIDATE: This is a captive elephant welfare case (Raman = named temple elephant). Is captive elephant welfare in scope for v2?"
GS059,"Massive forest fires break out in J&K's Rajouri amid heatwave dry spell",https://risingkashmir.com/massive-forest-fires-break-out-in-jks-rajouri-amid-heatwave-dry-spell/,Rising Kashmir,2026-06-10,Rajouri,33.3793,74.3105,YES,habitat_threat,forest_fire,,,,,Rajouri J&K,33.3793,74.3105,district,YES,,0,0,0,high,RAJOURI-FIRE,"Part of Rajouri fire cluster. Earliest article about this fire cluster (Jun 10). Good candidate for primary/canonical article."
GS060,"Researchers describe a new fanged frog species that builds mud nests on the forest floor",https://india.mongabay.com/2026/06/researchers-describe-a-new-fanged-frog-species-that-builds-mud-nests-on-the-forest-floor/,Mongabay India,2026-06-09,Namdapha Tiger Reserve,27.5333,96.3833,YES,discovery,new_species,Fanged Frog (new species),Limnonectes sp. nov.,,1,Namdapha Tiger Reserve,27.5333,96.3833,point,YES,,0,0,0,low,,"Gazetteer match — v1 correctly identified Namdapha TR. Good example of gazetteer working correctly."
GS061,"Kerala govt seeks Centre's permission to use forest land for Wayanad MCH expansion",https://www.thehindu.com/news/national/kerala/kerala-govt-seeks-centres-permission-to-use-forest-land-for-wayanad-mch-expansion/article71079653.ece,The Hindu,2026-06-09,Kerala,10.8505,76.2711,YES,habitat_threat,forest_diversion,,,,,Wayanad Kerala,11.6,76.0,district,NO,too_broad,0,0,0,medium,,"v1 extracted state centroid. Headline names Wayanad. MCH = Medical College Hospital."
GS062,"Drone squad formed to monitor wild elephants at Aralam in Kerala's Kannur",https://www.thehindu.com/news/national/kerala/drone-squad-formed-to-monitor-wild-elephants-at-aralam-in-keralas-kannur/article71079609.ece,The Hindu,2026-06-09,Kerala,10.8505,76.2711,YES,conservation_action,surveillance_deployment,Asian Elephant,Elephas maximus,EN,,Aralam Wildlife Sanctuary Kannur Kerala,12.05,75.75,point,NO,too_broad,0,0,0,medium,,"v1 extracted Kerala state centroid. Headline names Aralam (a wildlife sanctuary in Kannur) explicitly."
GS063,"Woman 55 Mauled To Death By Leopard In Uttarakhand Wild Cat Shot Dead",https://www.ndtv.com/india-news/woman-55-mauled-to-death-by-leopard-in-uttarakhand-wild-cat-shot-dead-11614383,NDTV,2026-06-09,Uttarakhand,30.0668,79.0193,YES,hwc,leopard_attack_fatal,Leopard,Panthera pardus,VU,1,Uttarakhand,30.0668,79.0193,state,NO,too_broad,1,0,1,critical,,"State level only — headline doesn't name a specific location. VALIDATE: Article may name district/village — state level is appropriate fallback if not."
GS064,"Kerala wild elephant attack: forest department takes responsibility for victim's children",https://www.thehindu.com/news/national/kerala/kerala-wild-elephant-attack-forest-department-takes-responsibility-for-victims-children/article71081002.ece,The Hindu,2026-06-09,Kerala,10.8505,76.2711,YES,hwc,elephant_attack_fatal,Asian Elephant,Elephas maximus,EN,1,Wayanad Kerala,11.6,76.0,district,NO,too_broad,1,0,0,critical,WAYANAD-ELEPHANT-ATTACK,"Follow-up article to GS048. Same event — should be merged in v2."
GS065,"Study unveils new fish species in Western Ghats solves evolutionary riddle",https://www.thehindu.com/news/national/kerala/study-unveils-new-fish-species-in-western-ghats-solves-evolutionary-riddle/article71080594.ece,The Hindu,2026-06-09,Western Ghats,13.0,75.5,YES,discovery,new_species,New fish species (Western Ghats),,,,1,Western Ghats,13.0,75.5,region,YES,,0,0,0,low,,"Region level is appropriate — Western Ghats spans multiple states."
GS066,"Awareness campaign against plastic use held during temple festival in Mudumalai Tiger Reserve",https://www.thehindu.com/news/cities/Coimbatore/awareness-campaign-against-plastic-use-held-during-temple-festival-in-mudumalai-tiger-reserve/article71079997.ece,The Hindu,2026-06-09,Mudumalai Tiger Reserve,11.55,76.6167,YES,conservation_action,awareness_campaign,,,,,Mudumalai Tiger Reserve,11.55,76.6167,point,YES,,0,0,0,low,,"Gazetteer match — v1 correct."
GS067,"Tree plantation drive held to mark 'Surgeons Week' in Kurnool",https://www.thehindu.com/news/national/andhra-pradesh/tree-plantation-drive-held-to-mark-surgeons-week-in-kurnool/article71079766.ece,The Hindu,2026-06-09,Kurnool,15.8281,78.0373,NO,other,,,,,,,,,,,,,0,0,0,,,,"FALSE POSITIVE: Routine plantation drive by doctors. No wildlife content."
GS068,"A stray tigress finds a new home giving a struggling Chhattisgarh reserve hope of revival",https://indianexpress.com/article/india/a-stray-tigress-finds-a-new-home-giving-a-struggling-chhattisgarh-reserve-hope-of-revival-10728794/,Indian Express,2026-06-08,Chhattisgarh,21.2787,81.8661,YES,conservation_action,wildlife_recolonization,Tiger,Panthera tigris,EN,1,Chhattisgarh,21.2787,81.8661,state,NO,too_broad,0,0,0,low,,"VALIDATE: Which reserve? Udanti-Sitanadi or Achanakmar? State centroid is fallback. Positive story."
GS069,"15 months & counting Rajasthan Forest Department sits on its probe that exposed graft within",https://indianexpress.com/article/india/15-months-counting-rajasthan-forest-department-sits-on-its-probe-that-exposed-graft-within-10728854/,Indian Express,2026-06-08,Rajasthan,27.0238,74.2179,BORDERLINE,policy,governance_probe,,,,,Rajasthan,27.0238,74.2179,state,YES,,0,0,0,medium,,"VALIDATE: Forest department corruption investigation. Borderline — does this belong in an ecological intelligence system?"
GS070,"Special missions on the anvil for integrated water management and wetland protection in Kerala",https://www.thehindu.com/news/national/kerala/special-missions-on-the-anvil-for-integrated-water-management-and-wetland-protection-in-kerala/article71076408.ece,The Hindu,2026-06-08,Kerala,10.8505,76.2711,YES,policy,wetland_conservation,,,,,Kerala,10.8505,76.2711,state,YES,,0,0,0,medium,,"Wetland protection is within scope."
GS071,"Experts question Kerala's move to assess carrying capacity of forests and conduct wildlife census to mitigate conflicts",https://www.thehindu.com/news/national/kerala/experts-question-keralas-move-to-assess-carrying-capacity-of-forests-and-conduct-wildlife-census-to-mitigate-conflicts/article71073256.ece,The Hindu,2026-06-08,Kerala,10.8505,76.2711,YES,research,carrying_capacity_study,,,,,Kerala,10.8505,76.2711,state,YES,,0,0,0,medium,,"Important methodological debate relevant to HWC management."
GS072,"Naga man killed by armed miscreants in Kangpokpi forest",https://indianexpress.com/article/india/manipur-violence-rongmei-naga-leader-killed-kangpokpi-forest-10730180/,Indian Express,2026-06-08,Kangpokpi,25.08,93.97,NO,other,,,,,,,,,,,,,1,0,0,,,,"FALSE POSITIVE: Ethnic conflict / political violence in a forest area. Not a wildlife event."
GS073,"Mild tension in Khammam as tribal women clash with forest staff over podu land claims",https://www.thehindu.com/news/national/telangana/tension-over-podu-land-issue-in-khammam-district/article71078027.ece,The Hindu,2026-06-08,Khammam,17.2473,80.1514,BORDERLINE,policy,forest_rights,,,,,Khammam Telangana,17.2473,80.1514,district,YES,,0,0,0,low,,"VALIDATE: Forest rights conflict between tribal communities and forest dept. Ecological dimensions (podu = shifting cultivation) — include?"
GS074,"Rare new snake eel species discovered amongst fishing bycatch off the coast of Kakinada",https://researchmatters.in/news/rare-new-snake-eel-species-discovered-amongst-fishing-bycatch-coast-kakinada,Research Matters,2026-06-08,Kakinada,16.9891,82.2475,YES,discovery,new_species,Snake Eel (new species),,,,1,Kakinada coast Andhra Pradesh,16.9891,82.2475,point,YES,,0,0,0,low,,"Location correct."
GS075,"How India's divers turned ocean encounters into conservation action with PADI's Go Eco Month",https://www.thehindu.com/sci-tech/energy-and-environment/how-indias-divers-turned-ocean-encounters-into-conservation-action-with-the-help-of-padis-go-eco-month/article70887057.ece,The Hindu,2026-06-08,Goa,15.2993,74.124,YES,conservation_action,marine_conservation,,,,,Goa coast,15.2993,74.124,district,YES,,0,0,0,low,,"Marine conservation awareness. VALIDATE: Is the Goa location specific to this article or generic?"
GS076,"Goa Forest Official submits police complaint against Minister over soil transportation from forest",https://www.thehindu.com/news/national/goa/goa-forest-official-submits-police-complaint-against-minister-over-soil-transportation-from-forest/article71072494.ece,The Hindu,2026-06-07,Goa,15.2993,74.124,BORDERLINE,policy,illegal_extraction,,,,,Goa,15.2993,74.124,state,YES,,0,0,0,medium,,"Forest governance/corruption case. Soil extraction from forest = habitat threat. VALIDATE: Include?"
GS077,"Tamil Nadu Governor leads plantation drive lays foundation stone for PLAZA in Auroville",https://www.thehindu.com/news/national/tamil-nadu/tamil-nadu-governor-leads-plantation-drive-lays-foundation-stone-for-plaza-in-auroville/article71072416.ece,The Hindu,2026-06-07,Tamil Nadu,11.1271,78.6569,NO,other,,,,,,,,,,,,,0,0,0,,,,"FALSE POSITIVE: Routine political plantation drive. No wildlife content."
GS078,"8 Asiatic Lion Cubs At Gir Died Due To Heat Not Infection: Gujarat Minister",https://www.ndtv.com/india-news/8-asiatic-lion-cubs-died-due-to-heat-not-babesia-infection-in-gir-forest-gujarat-forest-minister-arjun-modhwadia-11602074,NDTV,2026-06-07,Asiatic lion,21.1239,70.798,YES,mortality,heat_mortality,Asiatic Lion,Panthera leo persica,EN,8,Gir National Park,21.1239,70.798,point,YES,,0,0,8,critical,GIR-LION-CUBS,"NOTE: v1 place_name is 'Asiatic lion' — the NER picked up the species as a location! This is a pipeline bug. Coordinates happen to be correct (Gir). Critical event — 8 EN cubs dead."
GS079,"Manas National Park launches Assam's first grass nursery to tackle 60% grassland loss",https://nenow.in/environment/manas-national-park-launches-assams-first-grass-nursery-to-tackle-60-grassland-loss.html,Northeast Now,2026-06-07,Manas National Park,26.65,91.0,YES,conservation_action,habitat_restoration,,,,,Manas National Park,26.65,91.0,point,YES,,0,0,0,medium,,"Gazetteer match — v1 correct. VALIDATE: 60% grassland loss is also a habitat threat datum worth capturing."
GS080,"Arunachal: Rare yellow puffball mushroom found in Longding forests",https://nenow.in/north-east-news/arunachal-rare-yellow-puffball-mushroom-found-in-longding-forests.html,Northeast Now,2026-06-07,Longding,26.8,95.5833,YES,discovery,new_species,Yellow Puffball (new species),,,,1,Longding Arunachal Pradesh,26.8,95.5833,district,YES,,0,0,0,low,,"Location correct. VALIDATE: Is fungal diversity in scope for v2?"
GS081,"Heat not disease caused deaths of 8 lion cubs in Gir forest",https://www.thehindu.com/news/national/gujarat/heat-not-disease-caused-deaths-of-8-lion-cubs-in-gir-forest/article71070133.ece,The Hindu,2026-06-06,Gir,21.1239,70.798,YES,mortality,heat_mortality,Asiatic Lion,Panthera leo persica,EN,8,Gir National Park,21.1239,70.798,point,YES,,0,0,8,critical,GIR-LION-CUBS,"Duplicate event with GS078. This is the primary/canonical article (The Hindu, more detailed). Both report the same 8 cub deaths."
GS082,"Kaziranga National Park records 30 raptor and six stork species",https://www.thehindu.com/news/national/kaziranga-national-park-records-30-raptor-and-six-stork-species/article71069139.ece,The Hindu,2026-06-06,Kaziranga National Park,26.5775,93.1711,YES,research,bird_survey,Multiple raptors and storks,,,,36,Kaziranga National Park,26.5775,93.1711,point,YES,,0,0,0,low,,"Gazetteer match — v1 correct."
GS083,"Kerala Forest dept introduces India's first judiciary-integrated digital system for wildlife offences",https://www.thehindu.com/news/national/kerala/kerala-forest-dept-introduces-indias-first-judiciary-integrated-digital-system-for-wildlife-offences/article71069629.ece,The Hindu,2026-06-06,Kerala,10.8505,76.2711,YES,policy,digital_governance,,,,,Kerala,10.8505,76.2711,state,YES,,0,0,0,medium,,"State level correct for statewide system rollout."
GS084,"Sustained afforestation efforts under MGNREGA transforms barren land in Bidar into thriving forest",https://www.thehindu.com/news/national/karnataka/sustained-afforestation-efforts-under-mgnrega-transforms-barren-land-in-bidar-into-a-thriving-green-forest/article71069532.ece,The Hindu,2026-06-06,Bidar,17.9104,77.5199,BORDERLINE,conservation_action,afforestation,,,,,Bidar Karnataka,17.9104,77.5199,district,YES,,0,0,0,low,,"VALIDATE: MGNREGA afforestation success story. Borderline — no specific wildlife species. Include?"
GS085,"Mining encroachments threaten Anakapalli's ecology says Rajendra Singh",https://www.thehindu.com/news/national/andhra-pradesh/mining-encroachments-threaten-anakapallis-ecology-says-rajendra-singh/article71066505.ece,The Hindu,2026-06-06,Anakapalli,17.6906,83.0038,YES,habitat_threat,mining_encroachment,,,,,Anakapalli Andhra Pradesh,17.6906,83.0038,district,YES,,0,0,0,high,,"Location correct."
GS086,"Signals from the sea: why sardines jellyfish are washing ashore",https://www.thehindu.com/news/cities/Hyderabad/signals-from-the-sea-why-sardines-jellyfish-are-washing-ashore/article71061429.ece,The Hindu,2026-06-06,Hyderabad,17.385,78.4867,YES,research,marine_ecology,Sardine; Jellyfish,,,,,Indian Coast (not Hyderabad),,,state,NO,wrong_location,0,0,0,medium,,"LOCATION ERROR: v1 pinned to Hyderabad (inland city). Article about marine species washing ashore should be on coast. Published in 'Hyderabad' edition but event is coastal. VALIDATE: Which coast?"
GS087,"Oil India's latest gas find could unlock more hydrocarbon reserves in Andaman offshore",https://indianexpress.com/article/india/oil-india-gas-find-hydrocarbon-reserves-andaman-offshore-10726676/,Indian Express,2026-06-06,Andaman,11.7401,92.6586,NO,other,,,,,,,,,,,,,0,0,0,,,,"FALSE POSITIVE: Oil industry business news. Could be flagged as potential habitat threat but headline gives no ecological context."
GS088,"Nilgiri Tahr population rises to 1364 in Tamil Nadu 4.68% rise over 2025",https://indianexpress.com/article/india/nilgiri-tahr-population-rises-to-1364-in-tamil-nadu-4-68-rise-over-25-10726383/,Indian Express,2026-06-06,Tamil Nadu,11.1271,78.6569,YES,research,population_survey,Nilgiri Tahr,Nilgiritragus hylocrius,EN,1364,Tamil Nadu,11.1271,78.6569,state,YES,,0,0,0,low,,"State level correct for statewide census data. Positive trend — count=1364."
GS089,"Communities rally to conserve marbled cat",https://india.mongabay.com/2026/06/communities-rally-to-conserve-marbled-cat/,Mongabay India,2026-06-05,Arunachal Pradesh,28.218,94.7278,YES,conservation_action,community_conservation,Marbled Cat,Pardofelis marmorata,NT,,Arunachal Pradesh,28.218,94.7278,state,YES,,0,0,0,medium,,"State level acceptable — article likely covers multiple community areas."
GS090,"Compensatory afforestation for biodiversity loss in Nicobar a bogus argument: Jairam Ramesh",https://www.thehindu.com/the-huddle/compensatory-afforestation-for-biodiversity-loss-in-nicobar-is-bogus-argument-jairam-ramesh/article71064638.ece,The Hindu,2026-06-05,Nicobar,8.0883,93.545,YES,policy,conservation_debate,Coral,,LC,,Nicobar Islands,8.0883,93.545,point,YES,,0,0,0,medium,NICOBAR-CORAL,"Policy/opinion piece. Part of Nicobar coral cluster. Jairam Ramesh = former Environment Minister."
GS091,"Vanishing shade: Coimbatore's sparse tree cover falls prey to illegal felling",https://www.thehindu.com/news/cities/Coimbatore/lack-of-guidelines-lacunas-mar-protection-of-trees-in-public-places-from-felling/article71062350.ece,The Hindu,2026-06-05,Coimbatore,11.0168,76.9558,YES,habitat_threat,illegal_felling,,,,,Coimbatore Tamil Nadu,11.0168,76.9558,district,YES,,0,0,0,medium,,"Location correct."
GS092,"BPCL greenfield project in Nellore nears deadline",https://www.thehindu.com/news/national/andhra-pradesh/bpcl-greenfield-project-in-nellore-nears-deadline/article71065940.ece,The Hindu,2026-06-05,Nellore,14.4426,79.9865,NO,other,,,,,,,,,,,,,0,0,0,,,,"FALSE POSITIVE: Oil company project news. No wildlife content."
GS093,"Prime accused in Gandipet government land encroachment case arrested in Tamil Nadu",https://www.thehindu.com/news/cities/Hyderabad/prime-accused-in-gandipet-government-land-encroachment-case-arrested-in-tamil-nadu/article71065424.ece,The Hindu,2026-06-05,Tamil Nadu,11.1271,78.6569,NO,other,,,,,,,,,,,,,0,0,0,,,,"FALSE POSITIVE: Government land encroachment / arrest — no wildlife content."
GS094,"Camera traps installed at 10 locations to track leopard movement in Erode",https://www.thehindu.com/news/cities/Coimbatore/camera-traps-installed-at-10-locations-to-track-leopard-movement-in-erode/article71064652.ece,The Hindu,2026-06-05,Erode,11.3428,77.727,YES,conservation_action,camera_trap_deployment,Leopard,Panthera pardus,VU,,Erode Tamil Nadu,11.3428,77.727,district,YES,,0,0,0,low,,"Location correct."
GS095,"A new leopard gecko emerges from ancient rocks",https://www.nature.com/articles/d44151-026-00105-w,Nature India,2026-06-05,Deccan,17.5,76.0,YES,discovery,new_species,Leopard Gecko (new species),,,,1,Deccan Plateau,17.5,76.0,region,YES,,0,0,0,low,,"Region level is appropriate for a Deccan Plateau species."
GS096,"Scientists Discover a New Microscopic Foraminifera along Maharashtra's Konkan coast",https://researchmatters.in/news/scientists-discover-new-microscopic-foraminifera-along-maharashtras-konkan-coast,Research Matters,2026-06-05,Maharashtra,19.7515,75.7139,YES,discovery,new_species,Foraminifera (new species),,,,1,Konkan coast Maharashtra,17.0,73.5,region,NO,too_broad,0,0,0,low,,"v1 extracted Maharashtra state centroid. Konkan coast is the correct location (coastal strip). VALIDATE: Is microscopic foraminifera in scope for v2?"
GS097,"Unseasonal snowfall blocks the path for migratory pastoralists",https://india.mongabay.com/2026/06/unseasonal-snowfall-blocks-the-path-for-migratory-pastoralists/,Mongabay India,2026-06-04,Jammu and Kashmir,33.7782,76.5762,BORDERLINE,other,climate_impact,,,,,Jammu and Kashmir,33.7782,76.5762,state,YES,,0,0,0,low,,"VALIDATE: Pastoral/human story but impacts wildlife corridors used by migratory herders and wildlife. Include?"
GS098,"The whistling pack hunter",https://india.mongabay.com/short-article/2026/06/the-whistling-pack-hunter/,Mongabay India,2026-06-03,Odisha,20.9517,85.0985,YES,research,species_profile,Dhole (Indian Wild Dog),Cuon alpinus,EN,,Odisha,20.9517,85.0985,state,YES,,0,0,0,low,,"VALIDATE: Short article/species profile. Odisha pin may not be specific to a single event — could be a feature article."
GS099,"Tourists to be banned in Tadoba tiger reserve's core areas for 3 months with eye on monsoon",https://www.thehindu.com/news/national/maharashtra/tourists-to-be-banned-in-tadoba-tiger-reserves-core-areas-for-3-months-with-eye-on-monsoon/article71055567.ece,The Hindu,2026-06-03,Tadoba,20.2333,79.3833,YES,conservation_action,tourism_closure,Tiger,Panthera tigris,EN,,Tadoba Tiger Reserve,20.2333,79.3833,point,YES,,0,0,0,low,,"Gazetteer match — v1 correct."
GS100,"Tigress Zeenat gives birth to four cubs in Similipal",https://www.thehindu.com/sci-tech/energy-and-environment/tigress-zeenat-gives-birth-to-four-cubs-in-similipal-boost-to-translocation-effort/article71052567.ece,The Hindu,2026-06-03,Odisha,20.9517,85.0985,YES,conservation_action,reproduction,Tiger,Panthera tigris,EN,4,Similipal Tiger Reserve,21.95,86.45,point,NO,too_broad,0,0,0,low,,"v1 extracted Odisha state centroid. Similipal Tiger Reserve should be in the gazetteer. Zeenat is a translocated tigress — significant conservation story."
GS101,"Kaziranga records first yellow-throated marten",https://www.thehindu.com/sci-tech/energy-and-environment/kaziranga-records-first-yellow-throated-marten/article71053318.ece,The Hindu,2026-06-03,Assam,26.2006,92.9376,YES,sighting,first_record,Yellow-throated Marten,Martes flavigula,LC,1,Kaziranga National Park,26.5775,93.1711,point,NO,too_broad,0,0,0,low,,"v1 extracted Assam state centroid. Article explicitly mentions Kaziranga — should be in gazetteer."
GS102,"Artificial light at night alters foraging behaviour in kites",https://india.mongabay.com/2026/06/artificial-light-at-night-is-altering-foraging-behaviour-in-kites/,Mongabay India,2026-06-02,Kerala,10.8505,76.2711,YES,research,behaviour_study,Black Kite,Milvus migrans,LC,,Kerala,10.8505,76.2711,state,YES,,0,0,0,low,,"VALIDATE: Is Kerala the study location? Research paper on ALAN effects on kites."
GS103,"Cub deaths prompt preventive measures for Asiatic lions in Bhavnagar",https://www.thehindu.com/sci-tech/energy-and-environment/cub-deaths-prompt-preventive-measures-for-asiatic-lions-in-bhavnagar/article71049594.ece,The Hindu,2026-06-02,Bhavnagar,21.7645,72.1519,YES,conservation_action,preventive_measures,Asiatic Lion,Panthera leo persica,EN,,Bhavnagar Gujarat,21.7645,72.1519,district,YES,,0,0,0,medium,GIR-LION-CUBS,"VALIDATE: Is this related to the Gir cub deaths (GS078/GS081)? Bhavnagar is outside Gir — may be a separate earlier incident (4 cub deaths in May)."
GS104,"Gram Sabha consent fabricated to divert forest for mining bauxite say villagers in Odisha's Koraput",https://www.thehindu.com/news/national/odisha/gram-sabha-consent-fabricated-to-divert-forest-for-mining-bauxite-say-villagers-in-odishas-koraput/article71048380.ece,The Hindu,2026-06-01,Koraput,18.8124,82.7128,YES,habitat_threat,mining_forest_diversion,,,,,Koraput Odisha,18.8124,82.7128,district,YES,,0,0,0,high,,"Location correct."
GS105,"Tiger carcass found in Kaziranga; big cat fatalities this year rise to five",https://news.google.com/rss/articles/CBMiswFBVV95cUxNcE1q...,Assam Tribune,2026-06-01,Assam,26.2006,92.9376,YES,mortality,natural_or_unknown,Tiger,Panthera tigris,EN,1,Kaziranga National Park,26.5775,93.1711,point,NO,too_broad,0,0,1,critical,,"v1 extracted Assam state centroid. Article explicitly names Kaziranga. 5th fatality this year — critical."
GS106,"Nagaland yields a new-to-science cascade frog species",https://www.thehindu.com/sci-tech/energy-and-environment/nagaland-yields-a-new-to-science-cascade-frog-species/article71040301.ece,The Hindu,2026-05-30,Nagaland,26.1584,94.5624,YES,discovery,new_species,Cascade Frog (new species),,,,1,Nagaland,26.1584,94.5624,state,YES,,0,0,0,low,,"State level acceptable if article does not name specific location."
GS107,"Tuskers form all-male groups in the wild finds study",https://india.mongabay.com/2026/05/tuskers-form-all-male-groups-in-the-wild-finds-study/,Mongabay India,2026-05-29,Rajaji National Park,30.0167,78.2667,YES,research,behaviour_study,Asian Elephant,Elephas maximus,EN,,Rajaji National Park,30.0167,78.2667,point,YES,,0,0,0,low,,"Gazetteer match — v1 correct."
GS108,"Postmortem twist in Bandhavgarh tiger death: Struck by tranquiliser after death suffered prolonged physical deterioration",https://indianexpress.com/article/india/bandhavgarh-tiger-death-postmortem-tranquiliser-dart-report-10714656/,Indian Express,2026-05-29,Bandhavgarh,23.7167,81.0333,YES,mortality,suspicious_death,Tiger,Panthera tigris,EN,1,Bandhavgarh Tiger Reserve,23.7167,81.0333,point,YES,,0,0,1,critical,,"Gazetteer match — v1 correct. Suspicious death — tranquiliser dart found post-mortem. High investigation interest."
GS109,"4 lion cubs die in Gujarat's Gir forest region 17 isolated amid viral infection scare",https://www.thehindu.com/news/national/gujarat/4-lion-cubs-die-in-gujarats-gir-forest-region-17-isolated-amid-viral-infection-scare/article71031878.ece,The Hindu,2026-05-28,Gujarat,22.2587,71.1924,YES,mortality,disease_mortality,Asiatic Lion,Panthera leo persica,EN,4,Gir National Park,21.1239,70.798,point,NO,too_broad,0,0,4,critical,GIR-LION-CUBS,"v1 extracted Gujarat state centroid. Gir is explicitly named. VALIDATE: Is this the same event as GS078/GS081 (early deaths that later grew to 8) or a separate earlier incident?"
GS110,"Indian Army IAF contain major forest fire in Himachal's Kasauli slopes",https://www.thehindu.com/news/national/himachal-pradesh/indian-army-iaf-contain-major-forest-fire-in-himachals-kasauli-slopes/article71029584.ece,The Hindu,2026-05-27,Himachal,31.1048,77.1734,YES,habitat_threat,forest_fire,,,,,Kasauli Himachal Pradesh,30.9,76.96,district,NO,too_broad,0,0,0,high,,"v1 extracted Himachal state centroid. Headline names Kasauli specifically."
GS111,"New toad species recorded in Meghalaya named after Khasi women's attire",https://www.thehindu.com/sci-tech/energy-and-environment/new-toad-species-recorded-in-meghalaya-named-after-khasi-womens-attire/article71027776.ece,The Hindu,2026-05-27,Meghalaya,25.467,91.3662,YES,discovery,new_species,Toad (new species),,,,1,Meghalaya,25.467,91.3662,state,YES,,0,0,0,low,,"State level acceptable."
GS112,"India arrests INTERPOL-wanted wildlife trafficker in Sikkim after coordinated chase",https://news.google.com/rss/articles/CBMizAFBVV95cUxQMXBOVTZYVDREMmZxc0RYbmZkM3p0eUFWRm9mYWxyZ3RXYjI0enFmRE1mcU1kMk9QMk42SUFYUFVSclBTMlBFbWtpVVNWVmI5U09jYS1vQ2JEa2xmUGs4T0dRTFB6UzhJTzR6WUlrQmpVQW1LdUJaSVBsWkRWaDVEMkppYks0dWw5a3dJdFlXWW9UN2FkOWgzXzNzazNNbDI2Tm4wT19GSklRZ0xpQzJXSjdpQjFHU19SSXkxeGZOR3hBQ0pjLWYyblpKWTDSAdIBQVVfeXFMUFNRVXh3dGxIaXRwTmZLLTRhd0h2N3oyQ200VGZtS0x2LW1uaHFjb2N3RTdDYTVGc2lLam1RQnBMQ05vQy1sdWUtUDNYQnh1SUdiYWpPNFZLdXpiUjREODNtLTJRdzdrSk90ZDhkMllZcHJuQ0ptYVJqSlR0a09oMmllZm1kRm1CU2FjdS1zbDNnc0hjQzJlS2c4RnpQb3F1ZERoZDhMeVhCYzVvQ2VmSzZLSVVQVE0yX241Um93NWVkY0llc3doTTdxRmt6Ry1rWHpR,Telegraph India,2025-12-05,Sikkim,27.533,88.5122,YES,poaching,trafficking_arrest,,,,,Sikkim,27.533,88.5122,state,YES,,0,0,0,critical,,"INTERPOL-wanted trafficker arrest. Critical severity. VALIDATE: What species were trafficked?"
GS113,"One person gets killed in man-animal conflict in Karnataka per week reveals official data",https://news.google.com/rss/articles/CBMi2gFBVV95cUxONUdrVHY1TXZUQ1dod2E1b08wTWRHNmROSkNqMDdXRThRM3FyWmJzMjBudzQtLTgyRFY1NF9EYTZrNFRNSmoyLVk2Nm9YYjZyZ0kxZWFVNHF0RlRlYU5Nem1GY2ZBbzZsemJEczBQbzNwWGU1U1gybVhkcHZEWFQ3WWhNZ2haeDlSMGd2Smh5TzA4dzd4akh4N1gzc19Ub3hqYjdpOXdPWlRYZFZuenN4b24yWGlGMnNMWFZRR2xmbFNVWXBzRFo4Wmt5RUE2UjBzWG91NHRzNkx6Zw,Deccan Herald,2024-03-31,Karnataka,15.3173,75.7139,YES,research,hwc_statistics,,,,,Karnataka,15.3173,75.7139,state,YES,,1,0,0,critical,,"Aggregated HWC data — 1 person/week. This is a data report not a single event. State level correct. VALIDATE: Should this be a 'research' type or a 'hwc' aggregate event?"
GS114,"Video: 300 Blackbucks Roam Karnataka Villages Amid Poaching Fears",https://news.google.com/rss/articles/CBMiqAFBVV95cUxNei0xQ21HVDRidDc1cmdaaUhFNml4bXRfMWZ4T29lNFU2STM3cTlJQUxhODFCRlJhYTFoVmR2QUVqVWU3M1kwdU84SE53anN4bWxSa3pJZTIxQ1lELUo3ZTI3eW91ZS12R2VVTGJtcm5jOU5odHRiSWNELURMamNfSUhsU0ZJU1dvVXk4cTl3R19WXzdoMmNpbDFKYVMxSmdIYTdyV1B2REPSAbABQVVfeXFMTzEtV2o5c1dMRGlYZ0t1QnktUVZ5blNna2ExX0dkejhJc0dsY3NFTTFDenFzSlZwTUJtMlpXbUJvb0xhaTVvNURqaHpNY2pZSk5hT1BJYllHaURNRlpBT3gzcnFHV3V4N01yejViRko3QnM3d3hDa3VDTTg0VV91VGlQUl9RWGdlVXB2ZlZuWDQxdTlQczVwUWRPcHBnYjR1QkloSHlnUjRJTHk5QnRRX1c,NDTV,2022-08-09,Karnataka,15.3173,75.7139,YES,sighting,mass_sighting,Blackbuck,Antilope cervicapra,NT,300,Karnataka,15.3173,75.7139,state,NO,too_broad,0,0,0,medium,,"VALIDATE: Which villages in Karnataka? State centroid is fallback. 300 blackbucks is a significant sighting."
